fecha_publicacion,candidato,titulo_video,vistas,likes,comentarios,suscriptores_canal,engagement_rate,engagement_por_1000
2025-09-24,Gustavo Bol√≠var,Yo no pierdo mi coherencia. Mi compromiso es con el pueblo que crey√≥ en el proyecto del Cambio.,2115,99,12,256000,4.68,0.43
2025-09-24,Gustavo Bol√≠var,Sobre Quintero ,4006,625,233,256000,15.6,3.35
2025-09-22,Gustavo Bol√≠var,Un debate √©tico pendiente ,9497,890,329,256000,9.37,4.76
2025-09-22,Gustavo Bol√≠var,¬°Gracias Manizales! #DatoMataRelato  ¬°volveremos a ganar!,2895,372,21,256000,12.85,1.54
2025-09-22,Gustavo Bol√≠var,¬°Gracias Tolima! ¬°Volveremos a ganar!,3721,190,8,256000,5.11,0.77
2025-09-20,Gustavo Bol√≠var,| Gustavo Bol√≠var en Manizales,2257,368,37,256000,16.3,1.58
2025-09-19,Gustavo Bol√≠var,¬øPor qu√© la JEP no condena generales?,3993,476,14,256000,11.92,1.91
2025-09-19,Gustavo Bol√≠var,| Gustavo Bol√≠var en Ibagu√©,4216,598,74,256000,14.18,2.62
2025-09-18,Gustavo Bol√≠var,La campa√±a Quintero miente,4098,459,64,256000,11.2,2.04
2025-09-17,Gustavo Bol√≠var,Al Pacto Hist√≥rico le acaban de entregar una Personer√≠a Jur√≠dica envenenada. | Gustavo Bol√≠var,6299,631,98,256000,10.02,2.85
2025-09-15,Gustavo Bol√≠var,| Gustavo Bol√≠var en Apartad√≥,6968,163,17,256000,2.34,0.7
2025-09-14,Gustavo Bol√≠var,| Gustavo Bol√≠var en Necocl√≠. ¬°Defendamos el Cambio!,7811,57,6,256000,0.73,0.25
2025-09-14,Gustavo Bol√≠var,| Gustavo Bol√≠var en Carepa 2.0,7705,79,10,256000,1.03,0.35
2025-09-14,Gustavo Bol√≠var,| Gustavo Bol√≠var en Carepa,2759,174,18,256000,6.31,0.75
2025-09-14,Gustavo Bol√≠var,Al gobierno estadounidense,4890,512,45,256000,10.47,2.18
2025-09-13,Gustavo Bol√≠var,| Gustavo Bol√≠var en Monter√≠a,4929,335,51,256000,6.8,1.51
2025-09-13,Gustavo Bol√≠var,Chantaje descarado,6688,606,58,256000,9.06,2.59
2025-09-12,Gustavo Bol√≠var,| Gustavo Bol√≠var en Sincelejo,2520,197,14,256000,7.82,0.82
2025-09-10,Gustavo Bol√≠var,| Gustavo Bol√≠var - Cartagena junto a las madres comunitarias,2322,107,3,256000,4.61,0.43
2025-09-07,Gustavo Bol√≠var,Di√°logo con la di√°spora,1614,309,15,256000,19.14,1.27
2025-09-06,Gustavo Bol√≠var,| Gustavo Bol√≠var en San Andr√©s. ¬°Volvamos a Ganar!,3207,546,37,256000,17.03,2.28
2025-09-05,Gustavo Bol√≠var,| Gustavo Bol√≠var en Valledupar,1676,278,0,256000,16.59,1.09
2025-09-02,Gustavo Bol√≠var,Defensores del Cambio desde C√∫cuta - Gustavo Bol√≠var,64837,430,37,256000,0.66,1.82
2025-08-23,Gustavo Bol√≠var,Carolina y Gustavo hablando del proceso de inscripci√≥n en el Pacto Hist√≥rico,11095,1461,174,256000,13.17,6.39
2025-08-22,Gustavo Bol√≠var,Sobre los atentados terroristas en Antioqu√≠a y Cali ,23367,2584,750,256000,11.06,13.02
2025-08-21,Gustavo Bol√≠var,Colombia Potencia Pesquera Mundial ,4095,642,94,256000,15.68,2.88
2025-08-20,Gustavo Bol√≠var,#Uribe: Libre pero no inocente.,17469,817,281,256000,4.68,4.29
2025-08-18,Gustavo Bol√≠var,Uribe en el pa√≠s de las bellezas,24749,1228,151,256000,4.96,5.39
2025-08-16,Gustavo Bol√≠var,Corcho y bolivar aclaran dudas sobre consulta,18457,2607,461,256000,14.12,11.98
2025-08-15,Gustavo Bol√≠var,Dije a EEUU la verdad sobre asesinato de Miguel Uribe y la condena de Alvaro Uribe.,179944,14144,2879,256000,7.86,66.5
2025-08-12,Gustavo Bol√≠var,| Gustavo Bol√≠var,4389,416,55,256000,9.48,1.84
2025-08-10,Gustavo Bol√≠var,Los extremos se juntan. #AmorYRespeto,6439,839,95,256000,13.03,3.65
2025-08-08,Gustavo Bol√≠var,| Gustavo Bol√≠var,3132,482,38,256000,15.39,2.03
2025-08-02,Gustavo Bol√≠var,Audiencia de SENTENCIA contra √ÅLVARO URIBE V√âLEZ | Gustavo Bol√≠var,5520,741,7,256000,13.42,2.92
2025-07-29,Gustavo Bol√≠var,Veredicto: #Uribe culpable.,12107,1017,78,256000,8.4,4.28
2025-07-29,Gustavo Bol√≠var,Uribe Culpable. ,43800,4432,699,256000,10.12,20.04
2025-07-22,Gustavo Bol√≠var,Bolivar Presidente ,9274,1269,362,256000,13.68,6.37
2025-07-08,Gustavo Bol√≠var,Dato mata relato,5757,922,124,256000,16.02,4.09
2025-07-08,Gustavo Bol√≠var,An√°lisis encuesta Guarumo,20746,2040,405,256000,9.83,9.55
2025-07-07,Gustavo Bol√≠var,Tips de econom√≠a #1,12003,1816,186,256000,15.13,7.82
2025-07-02,Gustavo Bol√≠var,As√≠ se orquest√≥ el golpe de Estado al presidente Petro,61900,7364,1167,256000,11.9,33.32
2025-06-30,Gustavo Bol√≠var,por la Paz hasta el √∫ltimo aliento.,1524,304,30,256000,19.95,1.3
2025-06-30,Gustavo Bol√≠var,Douglas y Pesebre en tarima,8192,1498,133,256000,18.29,6.37
2025-06-30,Gustavo Bol√≠var,El golpe de Estado,17418,2744,25,256000,15.75,10.82
2025-06-28,Gustavo Bol√≠var,Nada que bajan las tasas de inter√©s,6466,846,56,256000,13.08,3.52
2025-06-24,Gustavo Bol√≠var,23 de junio de 2025,4638,573,61,256000,12.35,2.48
2025-06-24,Gustavo Bol√≠var,¬øSer decente en pol√≠tica no paga?,9395,1664,24,256000,17.71,6.59
2025-06-23,Gustavo Bol√≠var,Petro a la c√°rcel?,18022,1531,201,256000,8.5,6.77
2025-06-20,Gustavo Bol√≠var,20 de junio de 2025,4379,602,40,256000,13.75,2.51
2025-05-30,Gustavo Bol√≠var,"El Foro Mundial Por la Humanidad, en Grecia.",2483,640,2,256000,25.78,2.51
2025-05-24,Gustavo Bol√≠var,√öltimo partido de Modric #Leyenda,3523,90,5,256000,2.55,0.37
2025-05-15,Gustavo Bol√≠var,MI TRISTE DESPEDIDA DE DPS,40540,5813,743,256000,14.34,25.61
2025-05-08,Gustavo Bol√≠var,Los ni√±os de hoy dar√°n Vida eterna al vallenato.,513,41,0,256000,7.99,0.16
2025-04-28,Gustavo Bol√≠var,LAS CAUSAS TRIBUTARIAS DE LA GUERRA,1761,351,3,256000,19.93,1.38
2025-04-17,Gustavo Bol√≠var,17 de abril de 2025,3741,672,5,256000,17.96,2.64
2025-01-28,Gustavo Bol√≠var,Respuesta al hijo de Mar√≠a Fernanda Cabal. Un ser lleno de odio.,58519,6607,660,256000,11.29,28.39
2025-01-03,Gustavo Bol√≠var,Lanzamiento de #DefensoresDelCambio primeros 60 grandes logros del gobierno Petro,33500,5139,10,256000,15.34,20.11
2024-12-31,Gustavo Bol√≠var,"December 31, 2024",1478,217,24,256000,14.68,0.94
2024-12-25,Gustavo Bol√≠var,"Sobre el alza del 9,54% en el salario m√≠nimo",29449,4234,0,256000,14.38,16.54
2024-11-24,Gustavo Bol√≠var,1.500 ovejas para 300 familias. Ense√±ar a pescar,1448,443,0,256000,30.59,1.73
2024-11-14,Gustavo Bol√≠var,Carta abierta a Miguel Polo Polo,67321,11116,3,256000,16.51,43.43
2024-11-02,Gustavo Bol√≠var,El golpe blando econ√≥mico.,15591,3073,2,256000,19.71,12.01
2024-10-20,Gustavo Bol√≠var,C√≥mo superar la pobreza.,10892,2244,0,256000,20.6,8.77
2024-09-28,Gustavo Bol√≠var,"Casacadas &quot;Final del mundo&quot; Mocoa, Putumayo, Colombia, pa√≠s de la belleza",1101,348,0,256000,31.61,1.36
2024-09-21,Gustavo Bol√≠var,At√©rrense de lo que decomis√≥ la dian y que estamos entregando a l gente m√°s pobre,54715,6446,0,256000,11.78,25.18
2024-07-19,Gustavo Bol√≠var,| Gustavo Bol√≠var,1861,204,0,256000,10.96,0.8
2024-05-08,Gustavo Bol√≠var,En vivo. Petro en Santa Marta,2799,259,0,256000,9.25,1.01
2024-03-31,Gustavo Bol√≠var,Resurrecci√≥n,2650,156,12,256000,5.89,0.66
2024-03-21,Gustavo Bol√≠var,"Petro desde Tol√∫, Sucre",3372,403,0,256000,11.95,1.57
2024-03-20,Gustavo Bol√≠var,"Petro en Tierralta, Cordoba. | Gustavo Bol√≠var",1422,388,0,256000,27.29,1.52
2024-01-26,Gustavo Bol√≠var,Entre admiraci√≥n y cr√≠tica: Bol√≠var eval√∫a a Petro | Gustavo Bol√≠var,11652,570,141,256000,4.89,2.78
2024-01-24,Gustavo Bol√≠var,Sin venderme: Rechac√© ofertas millonarias por la Alcald√≠a | Gustavo Bol√≠var,11166,717,144,256000,6.42,3.36
2025-09-24,Claudia L√≥pez,#Imparables en Pasto | D√≠a sin carro y sin moto,874,11,0,26700,1.26,0.41
2025-09-22,Claudia L√≥pez,Entrevista con la agencia espa√±ola EFE en Bogot√° | @efeagenciaefe,1736,6,0,26700,0.35,0.22
2025-09-18,Claudia L√≥pez,Recorremos Imparables el pa√≠s enfocados en las soluciones de la gente | Entrevista @WRadioOficial ,734,8,0,26700,1.09,0.3
2025-09-16,Claudia L√≥pez,Pol√≠tica antidrogas es un FRACASO,281,5,0,26700,1.78,0.19
2025-09-11,Claudia L√≥pez,¬øQu√© pas√≥ el 9 y 10 de septiembre de 2020? ,104,3,0,26700,2.88,0.11
2025-09-03,Claudia L√≥pez,"¬øQue si los rolos bailamos? Si, ¬°En ‚Äã‚Å†Cali!@Mitropicanatv",970,24,0,26700,2.47,0.9
2025-09-02,Claudia L√≥pez,"La mejor chuleta valluna, cuando est√©s en Buga.",1305,18,0,26700,1.38,0.67
2025-08-26,Claudia L√≥pez,"Lindo d√≠a para recorrer el Eje Cafetero, vamos a estar recogiendo firmas. Nos vemos por las calles.",3892,15,0,26700,0.39,0.56
2025-08-20,Claudia L√≥pez,Estuvimos en Noticentro Uno contando nuestras propuestas para la regi√≥n del Caribe,548,5,0,26700,0.91,0.19
2025-07-29,Claudia L√≥pez,Condenado Uribe,1182,33,0,26700,2.79,1.24
2025-07-07,Claudia L√≥pez,El Eje Cafetero es un ejemplo para toda Colombia.,531,11,6,26700,2.07,0.64
2025-06-27,Claudia L√≥pez,Hackeando la polarizaci√≥n en Colombia,624,34,13,26700,5.45,1.76
2025-06-20,Claudia L√≥pez,¬øC√≥mo recoger las firmas para ser Imparables?,609,19,4,26700,3.12,0.86
2025-06-12,Claudia L√≥pez,Por qu√© hacer Fracking en Colombia,316,4,0,26700,1.27,0.15
2025-06-10,Claudia L√≥pez,"Mi solidaridad con Cali, el Cauca y el Valle del Cauca.",110,2,0,26700,1.82,0.07
2025-06-05,Claudia L√≥pez,Intervenci√≥n Claudia L√≥pez - La voz de los presidenciables | 59¬™ Convenci√≥n Asobancaria 2025,2569,25,0,26700,0.97,0.94
2025-06-03,Claudia L√≥pez,Discurso en el lanzamiento del movimiento Imparables üíú #ConClaudiaImparables,1256,21,0,26700,1.67,0.79
2025-05-15,Claudia L√≥pez,Votaci√≥n de la Consulta Popular a la Reforma Laboral,2902,30,0,26700,1.03,1.12
2025-04-23,Claudia L√≥pez,"La historia de PCP, un orgullo del eje cafetero",74,3,0,26700,4.05,0.11
2025-09-22,Vicky D√°vila,¬øDecretos por trinos a las 3 AM?,9348,181,54,334000,1.94,0.7
2025-09-22,Vicky D√°vila,¬øQu√© le piden a Vicky?,1216,50,1,334000,4.11,0.15
2025-09-22,Vicky D√°vila,¬øRescatamos a Colombia? Si o No,1260,48,7,334000,3.81,0.16
2025-09-22,Vicky D√°vila,Ya lo hice y lo voy a seguir haciendo,3412,86,8,334000,2.52,0.28
2025-09-22,Vicky D√°vila,Trump ya sabe lo que tiene que hacer,1702,75,9,334000,4.41,0.25
2025-09-22,Vicky D√°vila,La oraci√≥n que siempre llevo en el coraz√≥n,1680,82,8,334000,4.88,0.27
2025-09-22,Vicky D√°vila,Evidentemente NO est√°n preparados,2781,97,13,334000,3.49,0.33
2025-09-19,Vicky D√°vila,Trump sabe lo que tiene que hacer,946,64,38,334000,6.77,0.31
2025-09-17,Vicky D√°vila,OJO CON EL FUTURO DE COLOMBIA,771,35,79,334000,4.54,0.34
2025-09-16,Vicky D√°vila,De la gente real nacer√° la esperanza,1818,63,8,334000,3.47,0.21
2025-09-14,Vicky D√°vila,Tenemos que luchar por rescatar a Colombia,917,55,118,334000,6.0,0.52
2025-09-10,Vicky D√°vila,Mi historia y el costo de decir la verdad,720,56,39,334000,7.78,0.28
2025-09-09,Vicky D√°vila,Colombia: La verdad detr√°s de mi decisi√≥n,3769,311,49,334000,8.25,1.08
2025-09-08,Vicky D√°vila,"Mi libro:‚ÄúMi historia, y el costo de decir la verdad‚Äù.",338,41,0,334000,12.13,0.12
2025-09-08,Vicky D√°vila,Infraestructura y vivienda: motores del desarrollo nacional,617,32,24,334000,5.19,0.17
2025-09-07,Vicky D√°vila,El orgullo de C√∫cuta es su gente,1300,99,14,334000,7.62,0.34
2025-09-07,Vicky D√°vila,"C√∫cuta habla: necesitamos una frontera fuerte, con comercio, empleo y oportunidades. Impulsemos nego",2046,83,9,334000,4.06,0.28
2025-09-06,Vicky D√°vila,¬øMi mayor fortaleza? La gente,2508,290,20,334000,11.56,0.93
2025-09-06,Vicky D√°vila,"Unidos, los valientes somos m√°s fuertes",15869,211,5,334000,1.33,0.65
2025-09-06,Vicky D√°vila,"¬°Trump, haz lo tuyo! Si Maduro se cae con su narcor√©gimen",2973,303,15,334000,10.19,0.95
2025-09-06,Vicky D√°vila,¬øGobernar c√≥mo Bukele o c√≥mo Milei?,2430,148,14,334000,6.09,0.49
2025-09-05,Vicky D√°vila,As√≠ me recibe el calor cucute√±o,1665,217,25,334000,13.03,0.72
2025-09-05,Vicky D√°vila,A las mujeres les digo..,1856,231,19,334000,12.45,0.75
2025-09-04,Vicky D√°vila,La dosis de caf√© que Colomba si necesita,3482,363,12,334000,10.43,1.12
2025-09-03,Vicky D√°vila,"Yo no hablo paja, vamos hacer lo que toque",7002,506,18,334000,7.23,1.57
2025-09-03,Vicky D√°vila,"¬øUna mujer presidenta? S√≠, por favor",1253,122,8,334000,9.74,0.39
2025-09-03,Vicky D√°vila,"Entiendo la desilusi√≥n de muchos por el gobierno Petro, solo minti√≥",1223,79,42,334000,6.46,0.36
2025-09-03,Vicky D√°vila,La alegria que une a los valientes,1510,112,6,334000,7.42,0.35
2025-09-02,Vicky D√°vila,El pa√≠s necesitaba desde 2022 un cambio y Petro no cumpli√≥ solo minti√≥,510,22,7,334000,4.31,0.09
2025-09-02,Vicky D√°vila,Traicionaron a Nari√±o,1375,131,6,334000,9.53,0.41
2025-09-02,Vicky D√°vila,De contar la noticia a cambiar la historia,2185,240,17,334000,10.98,0.77
2025-09-02,Vicky D√°vila,Si cae la dictadura en Venezuela y vuelve la democracia,2930,157,6,334000,5.36,0.49
2025-09-01,Vicky D√°vila,"Cuando la mentira avanza, los valientes responden con coraje",3528,26,2,334000,0.74,0.08
2025-09-01,Vicky D√°vila,Valientes son quienes creen en un futuro mejor,4045,134,1,334000,3.31,0.4
2025-09-01,Vicky D√°vila,Valientes son quienes se levantan todos los d√≠as por un mejor pa√≠s,5570,96,0,334000,1.72,0.29
2025-09-01,Vicky D√°vila,Valientes son quienes creen en un futuro mejor,21896,18,16,334000,0.08,0.1
2025-09-01,Vicky D√°vila,Valientes son quienes se levantan todos los d√≠as por un mejor pa√≠s,53561,9,3,334000,0.02,0.04
2025-09-01,Vicky D√°vila,"Cuando la mentira avanza, los valientes responden con coraje",180977,16,3,334000,0.01,0.06
2025-09-01,Vicky D√°vila,Valientes son quienes apuestan por un futuro mejor,32702,9,0,334000,0.03,0.03
2025-09-01,Vicky D√°vila,Urgente: le pido al Congreso que hunda la reforma tributaria de Petro.,3350,309,19,334000,9.22,0.98
2025-09-01,Vicky D√°vila,Encarcelamos corruptos. Recuperamos 80 billones,904,91,6,334000,10.07,0.29
2025-09-01,Vicky D√°vila,Mi propuesta en materia de pol√≠tica exterior,351,27,8,334000,7.69,0.1
2025-08-31,Vicky D√°vila,PACIENTES: ¬øHAN HECHO FILAS X 7 HORAS?,1459,228,20,334000,15.63,0.74
2025-08-31,Vicky D√°vila,¬øPor qu√© estan firmando por vicky en Manizales?,1601,119,14,334000,7.43,0.4
2025-08-31,Vicky D√°vila,"¬øQu√© es m√°s grave, corrupci√≥n o narcotr√°fico?",2066,146,6,334000,7.07,0.46
2025-08-30,Vicky D√°vila,Fumigar: Criminales y Drogas,2357,183,6,334000,7.76,0.57
2025-08-30,Vicky D√°vila,"El 7 de agosto del 2026, se acaba la paz total a las 4 de las tarde.",4362,261,33,334000,5.98,0.88
2025-08-30,Vicky D√°vila,"El 7 de agosto del 2026, se acaba la paz total a las 4 de las tarde.",1154,138,4,334000,11.96,0.43
2025-08-29,Vicky D√°vila,¬øQui√©n no le dar√≠a un abrazo a Uribe?,10007,547,42,334000,5.47,1.76
2025-08-29,Vicky D√°vila,Nicol√°s Petro deber√≠a estar en la carc√©l,974,58,30,334000,5.95,0.26
2025-08-29,Vicky D√°vila,La Cruzada Valientes,613,56,4,334000,9.14,0.18
2025-08-29,Vicky D√°vila,¬øVolver a cocinar con le√±a? No lo voy a permitir,2169,287,15,334000,13.23,0.9
2025-08-28,Vicky D√°vila,¬øQui√©n va a manejar la chequera?,1592,180,16,334000,11.31,0.59
2025-08-28,Vicky D√°vila,"Colombia necesita un gobierno valiente, con manos limpias y al lado de la gente",559,52,23,334000,9.3,0.22
2025-08-27,Vicky D√°vila,¬°Que berraquera la industria de Santander!,2173,247,10,334000,11.37,0.77
2025-08-27,Vicky D√°vila,Les presento un tesoro del campo colombiano,5940,330,41,334000,5.56,1.11
2025-08-27,Vicky D√°vila,Cuidado con el pacto Petro-Maduro,2696,148,6,334000,5.49,0.46
2025-08-27,Vicky D√°vila,Para cuidar el empleo hay que decir NO a los bloqueos,1370,151,8,334000,11.02,0.48
2025-08-27,Vicky D√°vila,Apuesto por el empleo y la empresa ¬øY t√∫?,2258,271,18,334000,12.0,0.87
2025-08-26,Vicky D√°vila,Otros mienten para ganar. Yo no,3150,355,27,334000,11.27,1.14
2025-08-26,Vicky D√°vila,"Colombia ya le dio la presidencia al M19, no se la podemos dar a las Farc",985,65,14,334000,6.6,0.24
2025-08-26,Vicky D√°vila,A Petro le fascinan los bandidos,3282,403,23,334000,12.28,1.28
2025-08-26,Vicky D√°vila,¬øEst√° mamado de que se roben la plata? Yo tambi√©n,1974,164,10,334000,8.31,0.52
2025-08-25,Vicky D√°vila,Colombia: se nota que hace falta una mujer,2928,310,26,334000,10.59,1.01
2025-08-25,Vicky D√°vila,6M de colombianos se acuestan con hambre,2180,214,25,334000,9.82,0.72
2025-08-24,Vicky D√°vila,¬øEl pa√≠s se est√° volviendo una prisi√≥n?,3344,275,22,334000,8.22,0.89
2025-08-24,Vicky D√°vila,"Desigualdad: con carreta NO, con acciones SI",2202,322,26,334000,14.62,1.04
2025-08-24,Vicky D√°vila,Estos son mis vicios,3865,332,26,334000,8.59,1.07
2025-08-23,Vicky D√°vila,"Tu no viajas, pero s√≠ pagas el viaje de otro",4376,374,11,334000,8.55,1.15
2025-08-23,Vicky D√°vila,"Ellos viven del Estado, yo vivo para Colombia",2893,278,18,334000,9.61,0.89
2025-08-23,Vicky D√°vila,"Salchich√≥n: Menos impuesto, m√°s limon",2327,236,13,334000,10.14,0.75
2025-08-22,Vicky D√°vila,Hoy le dej√© claro a Mar√≠a Jos√© Pizarro que el sombrero de su pap√° no nos representa,6568,581,30,334000,8.85,1.83
2025-08-22,Vicky D√°vila,26 billones para campa√±a,3548,208,27,334000,5.86,0.7
2025-08-22,Vicky D√°vila,Ellos levantan la mano ¬øy t√∫?,2289,205,6,334000,8.96,0.63
2025-08-22,Vicky D√°vila,¬øEst√°n listos para hacer historia?,2504,175,6,334000,6.99,0.54
2025-08-22,Vicky D√°vila,Ni un voto por el Pacto Hist√≥rico,5546,545,76,334000,9.83,1.86
2025-08-22,Vicky D√°vila,¬øSostienes t√∫ sola tu hogar?,1683,146,6,334000,8.67,0.46
2025-08-21,Vicky D√°vila,El terrorismo y el narcotr√°fico no se pueden enfrentar con beneficios y complicidades.,16957,974,69,334000,5.74,3.12
2025-08-21,Vicky D√°vila,No podemos seguir gobernados por hampones,549,29,20,334000,5.28,0.15
2025-08-21,Vicky D√°vila,No olvidemos la reforma tributaria de 2016,1852,210,8,334000,11.34,0.65
2025-08-21,Vicky D√°vila,¬øEntregarle nuestra soberan√≠a a Maduro?,3233,242,11,334000,7.49,0.76
2025-08-21,Vicky D√°vila,Pacto oscuro del gobierno,1771,124,9,334000,7.0,0.4
2025-08-21,Vicky D√°vila,¬øQu√© se merecen los h√©roes de Colombia?,2510,236,4,334000,9.4,0.72
2025-08-20,Vicky D√°vila,"¬øFecode? Trabajo en equipo, S√ç. Adoctrinamiento, NO",1953,230,10,334000,11.78,0.72
2025-08-20,Vicky D√°vila,Petro y su receta quemada,3310,285,11,334000,8.61,0.89
2025-08-20,Vicky D√°vila,¬øSaben qu√© me fascina?,1889,220,7,334000,11.65,0.68
2025-08-20,Vicky D√°vila,¬øPropiedad privada en riesgo?,3407,251,5,334000,7.37,0.77
2025-08-20,Vicky D√°vila,Mi checklist para rescatar Colombia,1401,148,5,334000,10.56,0.46
2025-08-20,Vicky D√°vila,Petro y su receta quemada,1068,67,5,334000,6.27,0.22
2025-08-20,Vicky D√°vila,Es urgente recuperar la seguridad de Colombia,517,16,22,334000,3.09,0.11
2025-08-20,Vicky D√°vila,Hay que vigilar peso a peso la salud,1211,102,4,334000,8.42,0.32
2025-08-19,Vicky D√°vila,Mi obsesi√≥n: Restacar a Colombia,515,36,16,334000,6.99,0.16
2025-08-19,Vicky D√°vila,Rescatar el pa√≠s antes de que se hunda,397,30,19,334000,7.56,0.15
2025-08-19,Vicky D√°vila,Rescatar el pa√≠s antes de que se hunda,2633,159,11,334000,6.04,0.51
2025-08-19,Vicky D√°vila,¬øMujeres? propongo una explosi√≥n de oportunidades,923,111,17,334000,12.03,0.38
2025-08-19,Vicky D√°vila,¬°No nos vamos a doblegar!,2015,84,4,334000,4.17,0.26
2025-08-18,Vicky D√°vila,Luch√≥ con valent√≠a pero el sistema le fallo,1830,180,18,334000,9.84,0.59
2025-08-17,Vicky D√°vila,70% de Colombia bajo amenaza,4821,308,20,334000,6.39,0.98
2025-08-17,Vicky D√°vila,"Petro tiene mucha experiencia, cero resultados #vickyd√°vila",23717,904,50,334000,3.81,2.86
2025-08-17,Vicky D√°vila,Este dato del 20% te va a indignar,1468,130,7,334000,8.86,0.41
2025-08-16,Vicky D√°vila,El libreto de Ch√°vez que ya conocemos.,7898,596,26,334000,7.55,1.86
2025-08-16,Vicky D√°vila,El pa√≠s est√° al rev√©s,1116,132,14,334000,11.83,0.44
2025-08-16,Vicky D√°vila,M√°s t√©cnicos menos politiqueros,1505,122,7,334000,8.11,0.39
2025-08-16,Vicky D√°vila,Esto es por Cartagena y por Colombia,2183,159,18,334000,7.28,0.53
2025-08-16,Vicky D√°vila,Si pensamos distinto ¬øSomos un blanco?,1140,83,2,334000,7.28,0.25
2025-08-15,Vicky D√°vila,¬øC√∫al es tu anhelo? Esto me respondieron,1027,92,3,334000,8.96,0.28
2025-08-15,Vicky D√°vila,As√≠ me entregaron los sue√±os de Colombia,1591,75,5,334000,4.71,0.24
2025-08-15,Vicky D√°vila,Don Miguel es un verdadero valiente,2097,75,3,334000,3.58,0.23
2025-08-15,Vicky D√°vila,Conteo Regresivo para salvar a Colombia,1611,114,6,334000,7.08,0.36
2025-08-15,Vicky D√°vila,¬øQu√© amenaza el futuro de Colombia?,1556,103,9,334000,6.62,0.34
2025-08-15,Vicky D√°vila,"La plata de la salud no falta, se la est√°n robando.",989,64,8,334000,6.47,0.22
2025-08-15,Vicky D√°vila,Lo que nos estamos perdiendo,1738,139,4,334000,8.0,0.43
2025-08-14,Vicky D√°vila,¬øCu√°l es el camino a seguir?,1006,115,7,334000,11.43,0.37
2025-08-14,Vicky D√°vila,El colapso en el sistema de salud tiene nombre propio,2149,175,24,334000,8.14,0.6
2025-08-14,Vicky D√°vila,Ser tibio es el verdadero riesgo,1927,178,18,334000,9.24,0.59
2025-08-13,Vicky D√°vila,"Pueden callar a las personas, pero nunca podr√°n matar las ideas.",716,60,19,334000,8.38,0.24
2025-08-12,Vicky D√°vila,Tememos que seguir firmes y valientes por Colombia,509,19,10,334000,3.73,0.09
2025-08-12,Vicky D√°vila,"Juan Manuel Santos, el expresidente elegido con dineros de Odebrecht",920,19,6,334000,2.07,0.07
2025-08-12,Vicky D√°vila,"‚ÄòSi la izquierda se queda en el poder, Colombia se va al abismo‚Äô",572,36,21,334000,6.29,0.17
2025-08-12,Vicky D√°vila,"En pleno luto por Miguel Uribe, Gobierno Petro confirma muerte de ‚ÄòZarco Aldinever‚Äô en Venezuela",1535,64,15,334000,4.17,0.24
2025-08-12,Vicky D√°vila,Colombia est√° de luto por el magnicidio de Miguel Uribe Turbay,543,39,8,334000,7.18,0.14
2025-08-12,Vicky D√°vila,"Colombia no puede apaciguarse, tenemos que estar firmes y dignos",650,46,19,334000,7.08,0.19
2025-08-10,Vicky D√°vila,¬øQuieren crecimiento econ√≥mico? Aqu√≠ va mi plan,1986,183,45,334000,9.21,0.68
2025-08-09,Vicky D√°vila,Recorriendo Colombia: Episodio Neiva,1749,167,6,334000,9.55,0.52
2025-08-09,Vicky D√°vila,Estamos a nueve meses de todo o nada en Colombia,1470,104,49,334000,7.07,0.46
2025-08-09,Vicky D√°vila,Los colombianos tenemos la valent√≠a en nuestro ADN,700,67,25,334000,9.57,0.28
2025-08-08,Vicky D√°vila,Estados Unidos est√° pagando 50 millones de d√≥lares por el socio de Gustavo Petro,8216,571,23,334000,6.95,1.78
2025-08-08,Vicky D√°vila,"Para ellos, la corrupci√≥n se volvi√≥ un negocio",1882,275,26,334000,14.61,0.9
2025-08-08,Vicky D√°vila,Yo chiquita bailaba el Sanjuanero,2378,203,14,334000,8.54,0.65
2025-08-08,Vicky D√°vila,La trampa silenciosa que atrapa a los j√≥venes,1791,227,11,334000,12.67,0.71
2025-08-08,Vicky D√°vila,Petro desde la campa√±a tenia un comportamiento escandaloso,738,59,12,334000,7.99,0.21
2025-08-08,Vicky D√°vila,EL MIEDO NO ME PARALIZA,2182,297,18,334000,13.61,0.94
2025-08-08,Vicky D√°vila,Hoy en las calles fuimos miles de valientes  #movimientovalientes #vickydavila,4549,521,44,334000,11.45,1.69
2025-08-08,Vicky D√°vila,Vamos a derrotar la extrema izquierda. #movimientovalientes #vickydavila,2397,403,18,334000,16.81,1.26
2025-08-07,Vicky D√°vila,Defendiendo la democracia y la libertad. Defendiendo una justicia justa.,3106,311,17,334000,10.01,0.98
2025-08-07,Vicky D√°vila,"Pueden encarcelar a Uribe, sus ideas no",1014,100,19,334000,9.86,0.36
2025-08-07,Vicky D√°vila,Mi carta a nuestros h√©roes de la patria. D√≠a del soldado,913,163,30,334000,17.85,0.58
2025-08-06,Vicky D√°vila,¬ø√Ålvaro Uribe es un perseguido pol√≠tico?,2189,246,14,334000,11.24,0.78
2025-08-06,Vicky D√°vila,Por qu√© Petro nos quiere d√©biles y asustados?,1643,148,13,334000,9.01,0.48
2025-08-06,Vicky D√°vila,No m√°s beneficios al bandido ¬øEstamos de acuerdo?,4688,323,16,334000,6.89,1.01
2025-08-06,Vicky D√°vila,Colombia y Venezuela: La verdad que nadie quiere escuchar.,13988,647,94,334000,4.63,2.22
2025-08-06,Vicky D√°vila,URGENTEEste es un problema de Estado.,9189,980,66,334000,10.66,3.13
2025-08-05,Vicky D√°vila,Chats escandalosos sobre Petro y el plan de eliminaci√≥n contra la oposici√≥n,5036,330,39,334000,6.55,1.1
2025-08-05,Vicky D√°vila,Acabar√© con el despilfarro del gobierno.,1077,84,11,334000,7.8,0.28
2025-08-05,Vicky D√°vila,"O rescatamos a Colombia, o vemos c√≥mo se hunde.",1205,104,25,334000,8.63,0.39
2025-08-05,Vicky D√°vila,Petro se quiere quedar en el poder. No lo vamos a dejar,1733,189,12,334000,10.91,0.6
2025-08-04,Vicky D√°vila,Los chats de Gustavo Petro son reales: Colombia merece saber la verdad,49018,2436,577,334000,4.97,9.02
2025-08-04,Vicky D√°vila,No me iba a perder el Mompreneurs fest,1231,143,3,334000,11.62,0.44
2025-08-04,Vicky D√°vila,"Petro, los escandalosos videos dicen la verdad",2425,283,17,334000,11.67,0.9
2025-08-04,Vicky D√°vila,Les tengo la pesadilla de los bandidos,1435,149,13,334000,10.38,0.49
2025-08-04,Vicky D√°vila,Con est√° victoria ganas tu,832,101,10,334000,12.14,0.33
2025-08-03,Vicky D√°vila,A estos j√≥venes no los voy a defraudar,1655,114,11,334000,6.89,0.37
2025-08-02,Vicky D√°vila,¬øLe confiar√≠as tu salud a un inexperto?,1444,150,25,334000,10.39,0.52
2025-08-02,Vicky D√°vila,En la arenosa los j√≥venes ya est√°n eligiendo,1742,116,16,334000,6.66,0.4
2025-08-01,Vicky D√°vila,Puros VALIENTES... ESO TIENE BARRANQUILLA.,1869,124,8,334000,6.63,0.4
2025-08-01,Vicky D√°vila,Corruptos a la carcel real ¬øLo firmas?,1229,122,8,334000,9.93,0.39
2025-08-01,Vicky D√°vila,As√≠ se roban 107 billones de la salud,2827,255,30,334000,9.02,0.85
2025-08-01,Vicky D√°vila,Plan Colombia 2.0: As√≠ ser√°,2304,255,13,334000,11.07,0.8
2025-07-31,Vicky D√°vila,Este es un mensaje para millones de valientes de nuestro pa√≠s,425055,7383,12,334000,1.74,22.14
2025-07-31,Vicky D√°vila,Este es un mensaje para millones de valientes de nuestro pa√≠s,208683,42,34,334000,0.02,0.23
2025-07-31,Vicky D√°vila,Se lo que es no tener casa propia #vickydavila,1906,156,4,334000,8.18,0.48
2025-07-31,Vicky D√°vila,LA REVOLUCI√ìN DE LAS OPORTUNIDADES,1018,109,10,334000,10.71,0.36
2025-07-30,Vicky D√°vila,A que no me agarran desafinada,2959,180,22,334000,6.08,0.6
2025-07-30,Vicky D√°vila,Se acab√≥ la denuncia. Empezar√° la cacer√≠a de corruptos.,4077,504,60,334000,12.36,1.69
2025-07-29,Vicky D√°vila,Cada vez m√°s mujeres se unen al Movimiento Valientes,1859,60,5,334000,3.23,0.19
2025-07-29,Vicky D√°vila,¬øQuieren la ruta? se las doy en 4 puntos.,1864,72,13,334000,3.86,0.25
2025-07-29,Vicky D√°vila,La estafa del Acuerdo de La Habana | #vickydavila,3213,343,17,334000,10.68,1.08
2025-07-24,Vicky D√°vila,Erradicaremos  el consumo en los parques,2105,240,9,334000,11.4,0.75
2025-07-24,Vicky D√°vila,Nuestra seguridad nacional est√° es riesgo,4186,301,21,334000,7.19,0.96
2025-07-23,Vicky D√°vila,Hay PETROTIBIOS ENMASCARADOS en la contienda electoral | Entrevista @Revista_Semana,1108,70,22,334000,6.32,0.28
2025-07-23,Vicky D√°vila,As√≠ ser√° nuestro GOBIERNO 4X4 para RESCATAR A COLOMBIA,1570,66,52,334000,4.2,0.35
2025-07-22,Vicky D√°vila,Necesitamos un Plan Colombia 2.0: cooperaci√≥n internacional para recuperar la seguridad del pa√≠s,1840,161,25,334000,8.75,0.56
2025-07-21,Vicky D√°vila,Lo √∫nico que les pido a los colombianos es que recen por m√≠ y por Colombia,2549,207,31,334000,8.12,0.71
2025-07-20,Vicky D√°vila,Colombia necesita un gobierno justo y con valores | Vicky D√°vila con @Yovelenlinea,1419,108,85,334000,7.61,0.58
2025-07-20,Vicky D√°vila,Petro es una amenaza para Colombia | Entrevista con @PatriciaJaniotvideos,1735,153,67,334000,8.82,0.66
2025-07-19,Vicky D√°vila,Pilar 1: Los corruptos deben pagar | Visi√≥n de pa√≠s - Vicky D√°vila,2065,140,18,334000,6.78,0.47
2025-07-19,Vicky D√°vila,Vamos a hacer lo que toca para liberar al Cauca,602,63,24,334000,10.47,0.26
2025-07-19,Vicky D√°vila,El Cauca est√° secuestrado por criminales con respaldo del Gobierno,1424,66,7,334000,4.63,0.22
2025-07-19,Vicky D√°vila,Es urgente tener un Cauca libre de grupos criminales,189,18,4,334000,9.52,0.07
2025-07-19,Vicky D√°vila,Me comprometo a capturar y extraditar a Mordisco,1539,121,11,334000,7.86,0.4
2025-07-18,Vicky D√°vila,"Mordisco, usted es un cobarde",1534,108,14,334000,7.04,0.37
2025-07-18,Vicky D√°vila,Este Gobierno est√° desesperado por liberar a todos los narcos criminales presos,1387,68,11,334000,4.9,0.24
2025-07-18,Vicky D√°vila,Est√° es la mejor parte de ser aspirante presidencial‚Ä¶.,1432,131,8,334000,9.15,0.42
2025-07-17,Vicky D√°vila,Colombia est√° llena de VALIENTES que sue√±an y luchan por un pa√≠s mejor,1741,121,6,334000,6.95,0.38
2025-07-16,Vicky D√°vila,"Mi mayor sue√±o para Colombia, que las mam√°s puedan dormir tranquilas",1271,23,5,334000,1.81,0.08
2025-07-16,Vicky D√°vila,"Petro est√° mal, muy mal‚Ä¶ una tragedia para Colombia, un peligro.",6635,729,120,334000,10.99,2.54
2025-07-16,Vicky D√°vila,"Petro Desatado: Racismo, Antisemitismo y Ataques al Gobierno | ¬°Grave Crisis de Estado!",1919,113,10,334000,5.89,0.37
2025-07-16,Vicky D√°vila,Viajes MILLONARIOS de Petro y Francia: ¬øD√≥nde est√°n los BENEFICIOS para Colombia?,501,43,39,334000,8.58,0.25
2025-07-15,Vicky D√°vila,"¬°No se trata de Miguel Uribe, se trata de RESCATAR  | Colectivo Radio de Cartagena",192,9,4,334000,4.69,0.04
2025-07-15,Vicky D√°vila,El 31 de mayo daremos un GOLPE DEMOCR√ÅTICO para rescatar a Colombia / Voz del Pueblo Ibagu√©,333,34,5,334000,10.21,0.12
2025-07-15,Vicky D√°vila,Las bodegas son sicarios morales que atacan con mentiras,1264,130,26,334000,10.28,0.47
2025-07-15,Vicky D√°vila,Preguntas r√°pidas sobre personajes de la pol√≠tica colombiana.,1867,45,0,334000,2.41,0.13
2025-07-15,Vicky D√°vila,Las bases de Petro se alimentan de odio y mentiras,1307,77,7,334000,5.89,0.25
2025-07-14,Vicky D√°vila,Ser colombiano es sin√≥nimo de valent√≠a.,1571,54,4,334000,3.44,0.17
2025-07-13,Vicky D√°vila,¬°Los colombianos temen quedarse sin pasaportes!,1149,62,3,334000,5.4,0.19
2025-07-13,Vicky D√°vila,La debacle de Colombia inici√≥ con Juan Manuel Santos,1601,111,22,334000,6.93,0.4
2025-07-12,Vicky D√°vila,¬°Petro no conf√≠a en el sistema que lo eligi√≥!,1817,156,35,334000,8.59,0.57
2025-07-11,Vicky D√°vila,Para la comunidad internacional: Ay√∫dennos a que este Gobierno no se perpet√∫e en el poder.,1279,119,7,334000,9.3,0.38
2025-07-11,Vicky D√°vila,¬°Colombia no ser√° una dictadura! La vamos a defender | Vicky D√°vila en TV Azteca,1289,83,52,334000,6.44,0.4
2025-07-10,Vicky D√°vila,Estas palabras que me llegan al coraz√≥n.,1172,53,11,334000,4.52,0.19
2025-07-10,Vicky D√°vila,Lo √∫nico que realmente nos salva de la pobreza son las oportunidades,1392,87,8,334000,6.25,0.28
2025-07-10,Vicky D√°vila,"Cada firma es esperanza, es fuerza y es el primer paso para devolverle a Colombia el sentido com√∫n",333,26,7,334000,7.81,0.1
2025-07-10,Vicky D√°vila,Gustavo Petro no es el √∫nico responsable de la crisis que vivimos,2250,190,20,334000,8.44,0.63
2025-07-09,Vicky D√°vila,"Por ellos y por nuestros ni√±os de Colombia, seguiremos siendo #VALIENTES. ‚úåüèª",484,33,3,334000,6.82,0.11
2025-07-09,Vicky D√°vila,En Colombia necesitamos quitar los aranceles a los celulares y el IVA a los planes de datos üì±üì∂,2172,218,21,334000,10.04,0.72
2025-07-08,Vicky D√°vila,Es imposible estar en Medell√≠n y no escuchar una buena trova üé∂üíõ,1242,98,2,334000,7.89,0.3
2025-07-08,Vicky D√°vila,"Junto a los barranquilleros, con determinaci√≥n y firmeza vamos a sacar a Colombia üá®üá¥ adelante",1344,69,1,334000,5.13,0.21
2025-07-07,Vicky D√°vila,"Siempre he valorado el trabajo de los periodistas üéôÔ∏è, independientemente si piensan igual a m√≠ o no",794,53,5,334000,6.68,0.17
2025-07-07,Vicky D√°vila,"‚ÄúNecesitamos que Colombia tenga una buena directora, que trabaje por los colombianos‚Äù",717,63,27,334000,8.79,0.27
2025-07-06,Vicky D√°vila,Juntos vamos a sacar adelante a Colombiaüá®üá¥. El apoyo de los ciudadanos me motiva a seguir. ü´Ç,1397,104,13,334000,7.44,0.35
2025-07-01,Vicky D√°vila,"‚ÄúMe quieren SACAR DE LA CANDIDATURA PRESIDENCIAL, viva, desprestigiada, judicializada o muerta‚Äù",1363,53,60,334000,3.89,0.34
2025-07-01,Vicky D√°vila,"‚ÄúVAMOS A LLEGAR A LA VERDAD. No crean en conspiraciones, en mentiras, en imputados.‚Äù",1235,52,33,334000,4.21,0.25
2025-07-01,Vicky D√°vila,Charla con el excanciller √Ålvaro Leyva tras las grabaciones publicadas por El Pa√≠s de Espa√±a,993,63,41,334000,6.34,0.31
2025-06-28,Vicky D√°vila,"En Colombia ser, ser VALIENTES est√° en nuestro ADN. ‚úåÔ∏èüá®üá¥",1519,117,20,334000,7.7,0.41
2025-06-27,Vicky D√°vila,‚ÄúVamos a CUIDAR LA PLATA de la salud de los colombianos‚Äù,562,53,46,334000,9.43,0.3
2025-06-26,Vicky D√°vila,‚ÄúLa sociedad requiere que sus l√≠deres sean transparentes y YO SOY TRANSPARENTE‚Äù,309,18,13,334000,5.83,0.09
2025-06-26,Vicky D√°vila,‚ÄúHay que lograr que los menores tengan acceso a una buena alimentaci√≥n en La Guajira‚Äù,523,42,11,334000,8.03,0.16
2025-06-26,Vicky D√°vila,‚ÄúNuestro gobierno ser√° lleno de MUJERES BERRACAS‚Äù,606,27,10,334000,4.46,0.11
2025-06-25,Vicky D√°vila,"‚ÄúMientras no haya justicia y no se recupere la fuerza leg√≠tima del estado, Colombia es inviable‚Äù",729,61,15,334000,8.37,0.23
2025-06-25,Vicky D√°vila,‚ÄúEste movimiento ciudadano lo √∫nico que busca es RESCATAR A COLOMBIA‚Äù,804,51,45,334000,6.34,0.29
2025-06-25,Vicky D√°vila,"‚ÄúGRANDES CRIMINALES pasaron de la c√°rcel a la tarima, junto al jefe de Estado‚Äù",791,63,11,334000,7.96,0.22
2025-06-25,Vicky D√°vila,"‚ÄúYo quiero ser presidente de Colombia, YO VOY A SER PRESIDENTE DE COLOMBIA‚Äù",418,18,27,334000,4.31,0.13
2025-06-24,Vicky D√°vila,‚ÄúEl nombramiento de Saade es la DEGRADACI√ìN DE LA MORAL P√öBLICA‚Äù,575,24,11,334000,4.17,0.1
2025-06-24,Vicky D√°vila,‚ÄúA este gobierno le encanta gobernar INFLUYENDO TERROR‚Äù,397,19,17,334000,4.79,0.11
2025-06-24,Vicky D√°vila,‚ÄúEn Colombia estamos bajo AMENAZA CRIMINAL‚Äù,635,25,12,334000,3.94,0.11
2025-06-19,Vicky D√°vila,"‚ÄúCada persona que me entregue su firma, est√° dando un mandado para SALVAR EL PA√çS‚Äù",1780,95,63,334000,5.34,0.47
2025-06-19,Vicky D√°vila,‚ÄúVamos a caminar juntos para RECUPERAR A COLOMBIA‚Äù,470,38,16,334000,8.09,0.16
2025-06-19,Vicky D√°vila,‚ÄúYo he sido trabajadora toda la vida. NUNCA ESTAR√â EN CONTRA de los derechos para los trabajadores‚Äù,455,37,10,334000,8.13,0.14
2025-06-18,Vicky D√°vila,"‚ÄúSi hay alguien VALIENTE, SON LAS MUJERES. Las mujeres van a hacer lo que toca para salvar el pa√≠s‚Äù",803,61,13,334000,7.6,0.22
2025-06-18,Vicky D√°vila,"‚ÄúQue hayan NEGADO LA CONSULTA 2.0, hace que no pongamos un bill√≥n de pesos para hacer pol√≠tica‚Äù",641,51,18,334000,7.96,0.21
2025-06-18,Vicky D√°vila,"Tras el ataque a Miguel, las campa√±as se detuvieron, pero debemos ser Valientes",14145,502,25,334000,3.55,1.58
2025-06-17,Vicky D√°vila,El futuro solo pertenece a los valientes.,5058,593,46,334000,11.72,1.91
2025-06-15,Vicky D√°vila,"Hoy marcho por Miguel Uribe, por Colombia, por la verdadera paz",5832,531,48,334000,9.1,1.73
2025-06-12,Vicky D√°vila,"Colombia, no debemos tener miedo, esta es la √∫ltima oportunidad que tenemos de salvar el pa√≠s",9034,863,52,334000,9.55,2.74
2025-06-11,Vicky D√°vila,Entrevista en El Debate de SEMANA sobre la marcha del silencio.,1919,111,25,334000,5.78,0.41
2025-06-11,Vicky D√°vila,Este domingo todos a la calle sin importar el partido o la ideolog√≠a.,4444,240,21,334000,5.4,0.78
2025-06-11,Vicky D√°vila,Atenci√≥n Colombia. El domingo vamos todos a las calles a la marcha del silencio‚Ä¶,4808,397,61,334000,8.26,1.37
2025-06-10,Vicky D√°vila,Mi entrevista con Fernando del Rinc√≥n en CNN,1542,106,22,334000,6.87,0.38
2025-06-09,Vicky D√°vila,Le dije al minDefensa que nos tienen que proteger y esto me respondi√≥,31000,861,83,334000,2.78,2.83
2025-06-09,Vicky D√°vila,Mi entrevista con N√©stor Morales en Blu,1516,97,38,334000,6.4,0.4
2025-06-09,Vicky D√°vila,Han¬†pasado¬†48¬†horas¬†del¬†atentado.¬†Yo¬†no¬†he¬†recibido¬†ninguna¬†llamada¬†de¬†la¬†UNP¬†o¬†de¬†las¬†autoridades.,4363,320,12,334000,7.33,0.99
2025-05-29,Vicky D√°vila,Mi entrevista con Betr Media,1996,152,43,334000,7.62,0.58
2025-05-24,Vicky D√°vila,Quiero darle las gracias a Esperanza y a la comunidad de Puente Aranda,3104,381,27,334000,12.27,1.22
2025-05-23,Vicky D√°vila,"Las alertas de lo que puede pasar en Colombia, no son una fantas√≠a",1804,246,12,334000,13.64,0.77
2025-05-23,Vicky D√°vila,Debemos luchar contra la corrupci√≥n y una opci√≥n puede ser la de crear un bloque de b√∫squeda,3121,453,36,334000,14.51,1.46
2025-05-23,Vicky D√°vila,Mi charla con Felipe V√©lez en La Tertulia Pol√≠tica,1293,75,37,334000,5.8,0.34
2025-05-23,Vicky D√°vila,"Debemos pensar en el primer empleo para los j√≥venes, ellos merecen tener una oportunidad.",2094,320,20,334000,15.28,1.02
2025-05-22,Vicky D√°vila,Mi entrevista con CW M√°s Noticias,4538,489,20,334000,10.78,1.52
2025-05-22,Vicky D√°vila,"Petro, desde Cali le digo: la gente se cans√≥ de sus discursos vac√≠os porque usted los abandono",4596,555,92,334000,12.08,1.94
2025-05-21,Vicky D√°vila,"En un proyecto ciudadano, gobernar es servir a todos.  #colombia #vickydavila",1658,258,12,334000,15.56,0.81
2025-05-21,Vicky D√°vila,"Las redes sociales son una herramienta que hay que usar, porque las comunicaciones cambiaron",1977,240,9,334000,12.14,0.75
2025-05-21,Vicky D√°vila,"Este no puede seguir siendo un discurso vac√≠o, es el momento de actuar.  #colombia #vickydavila",1480,207,10,334000,13.99,0.65
2025-05-20,Vicky D√°vila,Liberen ya a Lyan. Los criminales se lo llevaron secuestrado hace dos semanas de Potrerito,3326,488,22,334000,14.67,1.53
2025-05-20,Vicky D√°vila,"El Gobierno jugando con consultas populistas, usando el sufrimiento de los trabajadores",2882,378,7,334000,13.12,1.15
2025-05-19,Vicky D√°vila,VAMOS A RESCATAR A COLOMBIA.  #vickydavila #colombia #juntossomosmillones,1950,339,17,334000,17.38,1.07
2025-05-19,Vicky D√°vila,"Hoy les doy mi palabra, todo aquel que haya cometido fechor√≠as, va a pagar.  #colombia #vickydavila",6976,972,46,334000,13.93,3.05
2025-05-19,Vicky D√°vila,"Hoy en Barranquilla conoc√≠ a Fredy Cordero, un ciudadano de a pie que vive un viacrucis #vickydavila",3903,431,17,334000,11.04,1.34
2025-05-19,Vicky D√°vila,"Hoy habl√© con Yesenia, una mujer cuya fuerza y esperanza me conmovieron  #colombia #vickydavila",1894,267,15,334000,14.1,0.84
2025-05-16,Vicky D√°vila,"Hoy en su d√≠a, toda mi gratitud, respeto y cari√±o para los maestros de Colombia. #vickydavila",6007,0,37,334000,0.0,0.11
2025-05-15,Vicky D√°vila,Yo conf√≠o en nuestras Fuerzas Armadas. Est√°n en el coraz√≥n de los colombianos #colombia #vickydavila,7274,936,37,334000,12.87,2.91
2025-05-15,Vicky D√°vila,"Debemos luchar por la democracia, la libertad, por las instituciones y por el orden",4355,432,9,334000,9.92,1.32
2025-05-14,Vicky D√°vila,"Los procesos de  la ‚Äúpaz total‚Äù deben tener un l√≠mite claro, el 7 de agosto del 2026",5313,626,20,334000,11.78,1.93
2025-05-13,Vicky D√°vila,"A Colombia le urge un cambio de direcci√≥n, pero con los pies en la tierra",3233,402,25,334000,12.43,1.28
2025-05-13,Vicky D√°vila,Gracias por abrirme las puertas de sus negocios y expresarme todo su sentir,341,22,13,334000,6.45,0.1
2025-05-12,Vicky D√°vila,"&quot;Petro, de todo lo que prometi√≥, no ha hecho ni m!3rd4&quot; me dijo un comerciante",10058,581,25,334000,5.78,1.81
2025-05-11,Vicky D√°vila,"Ella es mi mam√°. El amor puro, las manos m√°s tiernas",2453,88,13,334000,3.59,0.3
2025-05-11,Vicky D√°vila,OPORTUNIDAD,3583,462,28,334000,12.89,1.47
2025-05-10,Vicky D√°vila,"No se trata de pelear por pensar distinto, se trata de ver la realidad con honestidad",2680,328,12,334000,12.24,1.02
2025-05-10,Vicky D√°vila,"Mi miedo m√°s es fallarle al pa√≠s, mirar atr√°s y saber que no he hecho lo correcto",5347,725,27,334000,13.56,2.25
2025-05-08,Vicky D√°vila,"Estuve en Floridablanca, Santander, un municipio conocido por sus Obleas.",7058,649,47,334000,9.2,2.08
2025-05-07,Vicky D√°vila,"Me invitaron a ‚ÄúColombia Tierra de J√≥venes‚Äù, un espacio de la Universidad del Rosario",2993,430,22,334000,14.37,1.35
2025-05-07,Vicky D√°vila,Proyectos como Campuslands deben multiplicarse por toda Colombia #VickyDavila #Colombia,1696,120,13,334000,7.08,0.4
2025-05-07,Vicky D√°vila,La Fuerza P√∫blica se recupera desde la moral,10130,0,59,334000,0.0,0.18
2025-05-06,Vicky D√°vila,"M√≠reme a los ojos, yo soy firme y no me tuerzo por nada del mundo. Cuente conmigo",2649,312,22,334000,11.78,1.0
2025-05-06,Vicky D√°vila,En Campus Lands el 80% de los estudiantes son j√≥venes que reci√©n han salido del colegio,3314,495,19,334000,14.94,1.54
2025-05-06,Vicky D√°vila,"Si queremos cambiar a Colombia, tenemos que salir, mirar a los ojos y hablar con la gente",4617,470,34,334000,10.18,1.51
2025-05-05,Vicky D√°vila,Al mundo entero tiene que quedarle claro que los colombianos no vamos a rendirnos,3815,524,32,334000,13.74,1.66
2025-05-05,Vicky D√°vila,"Los lazos de mi familia son mi tesoro m√°s grande, mi refugio, mi fuerza.  #colombia #vickydavila",4646,496,16,334000,10.68,1.53
2025-05-03,Vicky D√°vila,Esta y otras historias de mi vida las pueden encontrar en mi libro. #vickydavila #colombia,24588,1206,47,334000,4.9,3.75
2025-05-02,Vicky D√°vila,Santa Marta merece respeto y resultados. 500 a√±os de historia no se borran ni se roban.,4288,476,15,334000,11.1,1.47
2025-05-02,Vicky D√°vila,"Pusimos a prueba a los seguidores de Petro, que hoy manifestaron su apoyo a la consulta populista",11894,659,147,334000,5.54,2.41
2025-05-01,Vicky D√°vila,"Petro est√° ejecutando la TOMA DE Colombia, as√≠ como lo hizo el M-19 con el Palacio de Justicia",4375,0,69,334000,0.0,0.21
2025-05-01,Vicky D√°vila,"Los colombianos est√°n huyendo, no por gusto, sino por falta de oportunidades #vickydavila  #colombia",6800,702,34,334000,10.32,2.2
2025-05-01,Vicky D√°vila,"Esta historia y otras, las pueden encontrar en mi libro ‚ÄúMi historia y el costo de decir la verdad‚Äù.",6831,722,23,334000,10.57,2.23
2025-04-30,Vicky D√°vila,Hoy m√°s que nunca cuentan con nuestro respaldo. Los necesitamos fuertes. Volveremos a brillar,16799,1331,156,334000,7.92,4.45
2025-04-30,Vicky D√°vila,"Te espero este 4 de mayo en el lanzamiento de mi libro, Mi Historia, el costo de decir la verdad.",39747,2546,39,334000,6.41,7.74
2025-04-29,Vicky D√°vila,"&quot;Las mujeres sabemos lo que hace falta, no solo en la cocina, tambi√©n en el pa√≠s&quot;.",3464,270,10,334000,7.79,0.84
2025-04-29,Vicky D√°vila,La gente est√° cansada de Gustavo Petro. Por eso apagan el tv cada vez que sale a decir mentiras,7327,394,28,334000,5.38,1.26
2025-04-29,Vicky D√°vila,Pescadores de Santa Marta preocupados porque el Estado los tiene abandonados,2031,225,9,334000,11.08,0.7
2025-04-29,Vicky D√°vila,La llamada ‚Äúreforma populista‚Äù no es para los trabajadores,606,59,10,334000,9.74,0.21
2025-04-29,Vicky D√°vila,Estoy en Santa Marta y mi primera parada fue para escuchar a los pescadores,21262,1182,128,334000,5.56,3.92
2025-04-29,Vicky D√°vila,"Visitamos San Victorino, el coraz√≥n comercial del centro de Bogot√°.",782,76,19,334000,9.72,0.28
2025-04-29,Vicky D√°vila,"Un diagn√≥stico nos cambi√≥ la vida para siempre a Juan Carlos, a mi hijo Sim√≥n y a m√≠.",283298,6525,84,334000,2.3,19.79
2025-04-28,Vicky D√°vila,"Gustavo Petro se comprometi√≥ con los j√≥venes, y como cosa rara, no cumpli√≥",10888,522,26,334000,4.79,1.64
2025-04-28,Vicky D√°vila,üö® ¬°La realidad sin filtros! üö® Un ciudadano me pregunta: ¬øQui√©n est√° detr√°s de la minga?,5399,0,40,334000,0.0,0.12
2025-04-28,Vicky D√°vila,"Los j√≥venes no son solo el futuro, son el presente. #VickyDavila #Colombia #JuntosSomosMillones",1231,123,6,334000,9.99,0.39
2025-04-28,Vicky D√°vila,"Colombia necesita ser manejada como una empresa eficiente, con resultados y buenas pr√°cticas",2842,331,12,334000,11.65,1.03
2025-04-27,Vicky D√°vila,Tenemos un sistema asqueroso y yo no vengo a prometer lo imposible. #VickyDavila #Colombia,1522,175,5,334000,11.5,0.54
2025-04-27,Vicky D√°vila,"Colombia necesita ser manejada como una empresa eficiente, con resultados, Migrar no es un delito.",2929,305,23,334000,10.41,0.98
2025-04-25,Vicky D√°vila,&quot;Aqu√≠ el √∫nico HP es Petro&quot;. #ElUnicoHpEsPetro #Colombia #VickyDavila,24794,687,151,334000,2.77,2.51
2025-04-24,Vicky D√°vila,Entrevista en el puente internacional Sim√≥n Bol√≠var,1220,117,42,334000,9.59,0.48
2025-04-24,Vicky D√°vila,"Desde aqu√≠, al borde de Venezuela, entendemos mejor que nadie lo que significa perder la democracia",19648,1239,79,334000,6.31,3.95
2025-04-18,Vicky D√°vila,"LA FAMILIA: es el principio de todo, el amor, el puerto seguro. Es todo ‚ô•Ô∏è #colombia #vickyd√°vila",6451,0,32,334000,0.0,0.1
2025-04-16,Vicky D√°vila,"El ciudadano EST√Å HARTO de que lo enga√±en, le mientan, le prometan y no cumplan",2710,163,115,334000,6.01,0.83
2025-04-14,Vicky D√°vila,Los beneficios de Emilio Tapia con la justicia. #vickyd√°vila #colombia,6221,0,72,334000,0.0,0.22
2025-04-14,Vicky D√°vila,Santiago me sorprendi√≥ y se rob√≥ mi coraz√≥n.  #colombia #vickyd√°vila,3706,454,10,334000,12.25,1.39
2025-04-12,Vicky D√°vila,"Mi entrevista con KyenyKe: &#39;Vicky D√°vila, del periodismo a la pol√≠tica&#39;",2718,152,79,334000,5.59,0.69
2025-04-11,Vicky D√°vila,"Gracias, Medell√≠n. Los quiero mucho.  #colombia #vickyd√°vila",1393,150,5,334000,10.77,0.46
2025-04-11,Vicky D√°vila,Desde la obra: Voces que construyen el pa√≠s.  #colombia #vickyd√°vila,1416,215,10,334000,15.18,0.67
2025-04-10,Vicky D√°vila,La casa de los famosos de los POL√≠TICOS,644,50,10,334000,7.76,0.18
2025-04-09,Vicky D√°vila,Yo me sentar√≠a con estos tres influencers a hablar. #VickyD√°vila #ColombiaConVicky #Colombia,1908,253,2,334000,13.26,0.76
2025-04-09,Vicky D√°vila,Ch√≠a me recibi√≥ con los brazos abiertos. #vickyd√°vila #colombia #colombiaconvicky,1612,0,5,334000,0.0,0.01
2025-04-08,Vicky D√°vila,En mi infancia pas√© mis Navidades con cartas del expresidente Belisario Betancur.  #vickyd√°vila,3179,368,11,334000,11.58,1.13
2025-04-08,Vicky D√°vila,Yo estoy ac√° para luchar por Colombia.  #colombia #vickyd√°vila #vickyd√°vila,3989,465,59,334000,11.66,1.57
2025-04-07,Vicky D√°vila,Lleg√≥ el momento de que tambi√©n se valoren las capacidades de las mujeres.  #vickyd√°vila #colombia,4545,516,32,334000,11.35,1.64
2025-04-06,Vicky D√°vila,"Quiero un presidente que no se deje llevar por el poder, como pasa con el actual Gobierno. #Colombia",4620,513,41,334000,11.1,1.66
2025-04-05,Vicky D√°vila,"Antioque√±os, los quiero mucho, los admiro por su empuje y su berraquera. #VickyD√°vila #Colombia",4478,683,31,334000,15.25,2.14
2025-04-05,Vicky D√°vila,"Gracias a los paisas por sus palabras, me llegan al alma. #VickyD√°vila #ColombiaConVicky #Colombia",3085,335,20,334000,10.86,1.06
2025-04-05,Vicky D√°vila,Mi mejor virtud es no tener experiencia en pol√≠tica. #VickyD√°vila #ColombiaConVicky #Colombia,1013,134,8,334000,13.23,0.43
2025-04-05,Vicky D√°vila,Visitamos la f√°brica de Colchones Comod√≠simos.¬†#VickyD√°vila #ColombiaConVicky #Colombia,1827,230,26,334000,12.59,0.77
2025-04-04,Vicky D√°vila,Recorrimos ‚ÄòEl Hueco‚Äô en Medell√≠n. Gracias por el cari√±o. #vickyd√°vila #colombia #colombiaconvicky,3865,0,13,334000,0.0,0.04
2025-04-04,Vicky D√°vila,¬øEs tan malo el metro de Medell√≠n como muchos dicen? #VickyD√°vila #ColombiaConVicky #Colombia,3577,294,9,334000,8.22,0.91
2025-04-04,Vicky D√°vila,Esta es la realidad que se vive en las manifestaciones de los ind√≠genas. #vickyd√°vila #colombia,1321,0,5,334000,0.0,0.01
2025-04-03,Vicky D√°vila,El caos que viven los colombianos a causa de la crisis en la salud,726,72,30,334000,9.92,0.31
2025-04-03,Vicky D√°vila,"El orgullo de una madre por su hijo, becado en la universidad de Manizales.  #vickyd√°vila #colombia",1448,165,10,334000,11.4,0.52
2025-04-03,Vicky D√°vila,3 de abril de 2025,1472,158,10,334000,10.73,0.5
2025-04-03,Vicky D√°vila,Acompa√±√© a Martha en su renacer. El d√≠a que venci√≥ el c√°ncer,603,50,8,334000,8.29,0.17
2025-04-03,Vicky D√°vila,"‚ÄúVicky D√°vila, cero MIEDO. Petro nada‚Äù, la sabidur√≠a popular. DIOS LES PAGUE Bucaramanga‚ô•Ô∏è‚ô•Ô∏è‚ô•Ô∏è",8954,351,50,334000,3.92,1.2
2025-04-02,Vicky D√°vila,"GRACIAS, BUCARAMANGA | Me encant√≥ escuchar a la comunidad.#VickyD√°vila #ColombiaConVicky #Colombia",1303,145,9,334000,11.13,0.46
2025-04-02,Vicky D√°vila,EL DOLOR DE LOS BUMANGUESES: &quot;53 a√±os buscando el sustento y no tenemos derechos&quot;,1439,75,37,334000,5.21,0.34
2025-04-02,Vicky D√°vila,Visitamos a los lustradores de Bucaramanga. Juntos somos millones. #VickyD√°vila #ColombiaConVicky,2175,233,17,334000,10.71,0.75
2025-04-02,Vicky D√°vila,Nos encontramos con una joven que nos cont√≥ sobre sus sue√±os. #VickyD√°vila #ColombiaConVicky,2324,273,14,334000,11.75,0.86
2025-04-02,Vicky D√°vila,La Hora del Periodismo de la Universidad Aut√≥noma de Occidente,2219,75,21,334000,3.38,0.29
2025-04-01,Vicky D√°vila,Las preguntas con El Pa√≠s de Cali,1114,75,31,334000,6.73,0.32
2025-04-01,Vicky D√°vila,"Pensamos en la gente de a pie. M√°s educaci√≥n, vivienda y salud. #VickyD√°vila #ColombiaConVicky",1287,185,11,334000,14.37,0.59
2025-03-31,Vicky D√°vila,No se le puede METER IDEOLOG√çA al sistema de la salud,715,64,20,334000,8.95,0.25
2025-03-30,Vicky D√°vila,Los esfuerzos de una madre cabeza de familia. #ColombiaConVicky #Colombia #VickyD√°vila,2484,355,18,334000,14.29,1.12
2025-03-30,Vicky D√°vila,La educaci√≥n de los colombianos es un pilar fundamental. #Colombia #VickyD√°vila #ColombiaConVicky,1815,355,21,334000,19.56,1.13
2025-03-28,Vicky D√°vila,Hay que liberar a los ciudadanos secuestrados en el Cauca. #ColombiaConVicky #Colombia #VickyD√°vila,7247,780,41,334000,10.76,2.46
2025-03-28,Vicky D√°vila,Estas son las siete cosas que usted no sab√≠a sobre Vicky D√°vila. #VickyD√°vila #Colombia,14600,1020,40,334000,6.99,3.17
2025-03-27,Vicky D√°vila,Los obreros de Colombia: una lucha contra la pobreza y la inseguridad. #Colombia #VickyD√°vila,17209,359,5,334000,2.09,1.09
2025-03-26,Vicky D√°vila,Hay que tratar a los bandidos CON MANO DURA,8130,266,44,334000,3.27,0.93
2025-03-26,Vicky D√°vila,La salud en Colombia se desangra. #Colombia #VickyD√°vila,45061,1168,52,334000,2.59,3.65
2025-03-26,Vicky D√°vila,"Estas son mis ventajas, las que hacen que me motive a luchar por los colombianos. #Colombia",82514,3832,62,334000,4.64,11.66
2025-03-24,Vicky D√°vila,"Yo vengo de una familia sencilla, como la mayor√≠a de colombianos #VickyD√°vila #Colombia",89632,3527,111,334000,3.93,10.89
2025-03-24,Vicky D√°vila,Estuve CON MI DOBLE en Besame Radio,1268,168,13,334000,13.25,0.54
2025-03-24,Vicky D√°vila,Mi ENTREVISTA en Tropicana,2061,112,50,334000,5.43,0.49
2025-03-23,Vicky D√°vila,Las mujeres somos unas berracas y defendemos lo que queremos.,10618,442,13,334000,4.16,1.36
2025-03-23,Vicky D√°vila,Colombia merece liderazgo con determinaci√≥n y sentido com√∫n 4. #vickyd√°vila,1196,200,4,334000,16.72,0.61
2025-03-23,Vicky D√°vila,Tengo la valent√≠a para combatir la corrupci√≥n,1687,277,27,334000,16.42,0.91
2025-03-23,Vicky D√°vila,M√©tanlo a la c√°rcel con los dem√°s. #VickyD√°vila #Colombia,1481,337,13,334000,22.75,1.05
2025-03-23,Vicky D√°vila,Vicky D√°vila hizo EL RECORRIDO DE LA MUERTE en Bogot√°. #Colombia #VickyD√°vila,1597,216,32,334000,13.53,0.74
2025-03-22,Vicky D√°vila,PREGUNTAS R√ÅPIDAS con Tropicana,6092,481,25,334000,7.9,1.51
2025-03-22,Vicky D√°vila,Fue el golpe m√°s fuerte de mi vida #Colombia #VickyD√°vila,4065,474,7,334000,11.66,1.44
2025-03-21,Vicky D√°vila,DESASTRE en la entrega de medicamentos para los colombianos,8504,219,85,334000,2.58,0.91
2025-03-21,Vicky D√°vila,"No necesitamos MinDeporte, necesitamos que EL DINERO LLEGUE A LOS DEPORTISTAS",2406,537,32,334000,22.32,1.7
2025-03-19,Vicky D√°vila,¬øCu√°nto saben realmente los manifestantes a favor de Petro sobre la reforma?,6172,508,126,334000,8.23,1.9
2025-03-18,Vicky D√°vila,Mi Entrevista en La Cari√±osa - Cartagena con Rafael Guerra,673,59,7,334000,8.77,0.2
2025-03-18,Vicky D√°vila,La marcha de este martes es una farsa,4225,641,100,334000,15.17,2.22
2025-03-13,Vicky D√°vila,"Choc√≥ en crisis: Corrupci√≥n, abandono y el futuro de la regi√≥n | Entrevista con Vicky D√°vila",880,50,27,334000,5.68,0.23
2025-03-13,Vicky D√°vila,¬°Petro amenaza la democracia!,1167,184,45,334000,15.77,0.69
2025-03-12,Vicky D√°vila,¬°PETRO EST√Å EN CAMPA√ëA! | Vicky Davila,1704,107,50,334000,6.28,0.47
2025-03-12,Vicky D√°vila,&quot;¬°Denuncio el abandono del gobierno en Arauca! La crisis no da espera,695,50,23,334000,7.19,0.22
2025-03-11,Vicky D√°vila,Entrevista en Colmundo mi proyecto para el pa√≠s,1377,99,21,334000,7.19,0.36
2025-03-11,Vicky D√°vila,Crisis de seguridad en el Cauca: Mi compromiso con la autoridad y la libertad | Vicky Davila,535,54,8,334000,10.09,0.19
2025-03-11,Vicky D√°vila,¬°TRAICI√ìN a los MAESTROS de Colombia!,1319,167,15,334000,12.66,0.54
2025-03-10,Vicky D√°vila,Petro quiere hacer campa√±a para el 2026 y asegurar un heredero pol√≠tico #vickyd√°vila,1863,124,25,334000,6.66,0.45
2025-03-10,Vicky D√°vila,Entrevista HJdobleK,466,43,3,334000,9.23,0.14
2025-03-10,Vicky D√°vila,¬°Petro usa la crisis del Catatumbo para hacer campa√±a! | Entrevista en La voz del norte- Cucuta,927,89,15,334000,9.6,0.31
2025-03-07,Vicky D√°vila,¬°No M√°s Estado Gigante! Reducir el Gasto P√∫blico es la Soluci√≥n,2063,389,20,334000,18.86,1.22
2025-03-07,Vicky D√°vila,Mi entrevista en Monter√≠a: Mi visi√≥n para Colombia y el futuro del pa√≠s üá®üá¥,1023,62,13,334000,6.06,0.22
2025-03-07,Vicky D√°vila,Colombia sin impunidad: el fin de los criminales se acerca,2179,464,29,334000,21.29,1.48
2025-03-06,Vicky D√°vila,"La verdad sobre Colombia: Seguridad, Crisis y Oportunidades ‚Äì Vicky D√°vila en Madrigal 88.1FM",929,82,13,334000,8.83,0.28
2025-03-06,Vicky D√°vila,"Vicky D√°vila en UMFM Manizales: Propuestas, Seguridad y Futuro de Colombia",611,56,10,334000,9.17,0.2
2025-03-06,Vicky D√°vila,"Entrevista en Que Buena 92.1 FM | Vicky D√°vila: Lo que est√° en juego, la democracia y la libertad",798,87,18,334000,10.9,0.31
2025-03-06,Vicky D√°vila,Colombia Necesita un LiÃÅder Leal  La VisioÃÅn de Cambio,2486,469,45,334000,18.87,1.54
2025-03-05,Vicky D√°vila,Vicky D√°vila en &quot;El Ping Pong Pol√≠tico&quot; con Juan Pablo S√°nchez | Ecos del Combeima,958,67,7,334000,6.99,0.22
2025-03-05,Vicky D√°vila,Siempre he dicho la verdad y,4666,548,27,334000,11.74,1.72
2025-03-05,Vicky D√°vila,¬°Colombia al Borde del Colapso! Crezcamos Juntos por un Futuro Mejor,1356,282,30,334000,20.8,0.93
2025-03-04,Vicky D√°vila,Juli√°n vive con miedo: la inseguridad en Colombia es insostenible,1818,269,18,334000,14.8,0.86
2025-03-03,Vicky D√°vila,¬°La salud en Colombia est√° en crisis!,1569,267,24,334000,17.02,0.87
2025-03-01,Vicky D√°vila,¬°Colombia al borde de un APAG√ìN! Crisis energ√©tica  #vickyd√°vila,1954,404,28,334000,20.68,1.29
2025-02-28,Vicky D√°vila,Mi Entrevista en La Luci√©rnaga: Hablamos del Gobierno y el Pa√≠s,2771,139,43,334000,5.02,0.54
2025-02-27,Vicky D√°vila,¬°Un√°monos con los ciudadanos!,2353,570,45,334000,24.22,1.84
2025-02-26,Vicky D√°vila,"Mi familia, mi motor de vida | Vicky Davila",7162,744,23,334000,10.39,2.3
2025-02-25,Vicky D√°vila,Los empresarios y el pa√≠s: Necesitamos una #econom√≠a  libre üá®üá¥ | Vicky D√°vila,1174,156,11,334000,13.29,0.5
2025-02-25,Vicky D√°vila,"Periodista, Mam√° y Precandidata: Entrevista de @LaKalle  | Vicky D√°vila",4307,238,98,334000,5.53,1.01
2025-02-25,Vicky D√°vila,"Seguridad, Tarifas de Energ√≠a y M√°s | Emisora #Atl√°ntico",149608,737,616,334000,0.49,4.05
2025-02-25,Vicky D√°vila,C√≥mo veo Medell√≠n y Antioquia: el presente y el futuro de Colombia | Entrevista en IFM Noticias,43130,112,110,334000,0.26,0.66
2025-02-25,Vicky D√°vila,¬°Mi Entrevista en @RedMasNoticias ! Hablo Claro Sobre Mi Precandidatura | Vicky D√°vila,1472,125,43,334000,8.49,0.5
2025-02-25,Vicky D√°vila,¬°Nunca me arrodillar√© ante Maduro! Ni a un dic,1803,239,8,334000,13.26,0.74
2025-02-25,Vicky D√°vila,Armando Benedetti y su llegada al Ministerio del Interior,1843,334,16,334000,18.12,1.05
2025-02-24,Vicky D√°vila,"Hechos, no discursos: 33 a√±os luchando por Colombia",510,52,2,334000,10.2,0.16
2025-02-24,Vicky D√°vila,¬øQu√© es la experiencia? ¬øHaber convivido con un sistema podrido o haber contribuido a √©l?,646,96,7,334000,14.86,0.31
2025-02-24,Vicky D√°vila,Me cans√© de denunciar sin resultados. Ahora voy a hacer algo distinto.,2819,184,29,334000,6.53,0.64
2025-02-24,Vicky D√°vila,¬øUribe vicepresidente? Esto respond√≠ cuando me preguntaron en Radio Uno,1772,255,12,334000,14.39,0.8
2025-02-24,Vicky D√°vila,¬øY si Elon Musk y Mark Zuckerberg invirtieran en Colombia?,734,152,7,334000,20.71,0.48
2025-02-24,Vicky D√°vila,"El papel de la mujer en Colombia: trabajo, liderazgo y honestidad",943,185,15,334000,19.62,0.6
2025-02-24,Vicky D√°vila,¬°El gobierno traicion√≥ a los j√≥venes con el ICETEX!,5353,1219,57,334000,22.77,3.82
2025-02-21,Vicky D√°vila,Las mujeres somos berracas para trabajar.,1962,513,41,334000,26.15,1.66
2025-02-21,Vicky D√°vila,"Ojal√° Elon Musk y Mark Zuckerberg pusieran sus empresas en Colombia,",1737,475,21,334000,27.35,1.49
2025-02-21,Vicky D√°vila,¬°Este gobierno ha traicionado a Medell√≠n y Antioquia!,1215,120,24,334000,9.88,0.43
2025-02-21,Vicky D√°vila,¬°Daniel Quintero no me desviar√° de mi camino!,1115,103,24,334000,9.24,0.38
2025-02-20,Vicky D√°vila,"¬°Soy un soldado de Colombia, lucho por la democracia y la libertad!",3733,660,35,334000,17.68,2.08
2025-02-20,Vicky D√°vila,¬°Liberemos a la Fuerza P√∫blica para que nos libere a todos!,1915,160,69,334000,8.36,0.69
2025-02-20,Vicky D√°vila,El 74% de los municipios con presencia de grupos criminales,925,258,14,334000,27.89,0.81
2025-02-20,Vicky D√°vila,¬°Atacar a los empresarios es destruir el empleo! Colombia en riesgo,1997,434,47,334000,21.73,1.44
2025-02-20,Vicky D√°vila,¬øClaudia L√≥pez es confiable? Su cambio de postura no genera confianza,22351,1840,133,334000,8.23,5.91
2025-02-20,Vicky D√°vila,Do√±a Carmen: La mujer verraca que conmovi√≥ mi coraz√≥n,70615,4533,92,334000,6.42,13.85
2025-02-17,Vicky D√°vila,¬øUn sistema tributario m√°s simple para Colombia? Conoce el #101010,2529,546,25,334000,21.59,1.71
2025-02-13,Vicky D√°vila,¬°El Cambio en Colombia Comienza Ahora!,32170,5339,104,334000,16.6,16.3
2025-02-12,Vicky D√°vila,Voy a Acabar con el Proceso de Paz | Mi Entrevista en CNN sobre el Futuro de Colombia,21755,762,934,334000,3.5,5.08
2025-02-11,Vicky D√°vila,¬°Las mujeres estamos listas para cambiar a Colombia!,5092,1045,85,334000,20.52,3.38
2025-02-11,Vicky D√°vila,Es momento de actuar: ¬°Vamos por un pa√≠s mejor! üí™üî•,2072,528,81,334000,25.48,1.82
2025-02-11,Vicky D√°vila,Colombia tiene c√°ncer! ¬øHay esperanza?,2682,438,20,334000,16.33,1.37
2025-02-09,Vicky D√°vila,Mi experiencia en la pol√≠tica,1788,138,91,334000,7.72,0.69
2025-02-09,Vicky D√°vila,"Mi An√°lisis sobre el Liderazgo, Cambio y Oportunidades para Colombia | Vicky D√°vila en La W",2968,182,65,334000,6.13,0.74
2025-02-09,Vicky D√°vila,Las propuestas para Colombia: Mi Entrevista  en la FM,1710,89,28,334000,5.2,0.35
2025-02-09,Vicky D√°vila,"¬°A los que NO CREEN en m√≠, esto es para ustedes! üí• | Vicky D√°vila RESPONDE",24343,1061,342,334000,4.36,4.2
2025-02-09,Vicky D√°vila,Mi Nuevo Camino por Colombia üá®üá¥,390603,13780,150,334000,3.53,41.71
2025-02-09,Vicky D√°vila,Cambiemos Colombia  Hacia la Prosperidad y la Unidad,165183,3921,57,334000,2.37,11.91
2025-02-09,Vicky D√°vila,El pa√≠s que imaginamos para todos: un futuro mejor es posible,36853,4934,29,334000,13.39,14.86
2025-02-09,Vicky D√°vila,¬øQueÃÅ Podemos Aprender de la Gente ComuÃÅn?,79703,6209,48,334000,7.79,18.73
2025-02-09,Vicky D√°vila,La educaci√≥n y el trabajo es un tesoro,57601,3328,30,334000,5.78,10.05
2025-02-08,Vicky D√°vila,Mi Opini√≥n sobre el Gobierno de Petro: Realidad o Fracaso,1627,153,39,334000,9.4,0.57
2025-02-08,Vicky D√°vila,Entrevista Exclusiva: Mi Historia  y lo que espero para el pa√≠s,5295,247,63,334000,4.66,0.93
2025-02-08,Vicky D√°vila,Ya las Mujeres estamos listas,520,16,5,334000,3.08,0.06
2025-02-06,Vicky D√°vila,El reality show del Gobierno de Petro / #vickyd√°vila,3630,401,24,334000,11.05,1.27
2025-02-06,Vicky D√°vila,¬°NO SOY COMO LOS POL√çTICOS DE SIEMPRE! Colombia merece un cambio üá®üá¥üî• #shorts,8079,828,65,334000,10.25,2.67
2025-02-05,Vicky D√°vila,"YO NO SIGO MODELOS! No soy Bukele, Milei ni Trump, soy Vicky D√°vila üá®üá¥",1187,72,44,334000,6.07,0.35
2025-02-05,Vicky D√°vila,¬°NO US√â EL PERIODISMO! Estoy sacrificando lo que m√°s amo por Colombia üá®üá¥ #colombia,6005,501,51,334000,8.34,1.65
2025-02-05,Vicky D√°vila,¬øQu√© me motiv√≥ a dar este paso por Colombia?,126165,375,503,334000,0.3,2.63
2025-02-05,Vicky D√°vila,¬°BASTA DE IMPUESTOS ABUSIVOS! La propuesta 10-10-10 explicada üö®,1028,102,14,334000,9.92,0.35
2025-02-03,Vicky D√°vila,"üî¥ ¬°YO, NUNCA DE IZQUIERDA! No m√°s mentiras sobre mi postura pol√≠tica&quot;üî¥",11095,857,50,334000,7.72,2.72
2025-02-01,Vicky D√°vila,"‚ÄúAtajen a Vicky D√°vila... o lo lamentar√°n‚Äù, directora de SEMANA responde a titular en El Espectador",82071,8572,2038,334000,10.44,31.77
2025-02-01,Vicky D√°vila,Gustavo Petro provoca a Trump: ¬øBusca sanciones para Colombia?,6299,676,90,334000,10.73,2.29
2025-02-01,Vicky D√°vila,Trump vs. Petro: ¬øEstrategia para deslegitimar elecciones en Colombia?,2281,254,67,334000,11.14,0.96
2025-01-16,Vicky D√°vila,Urgente: con este equipo empezamos a trabajar para reconstruir a Colombia,8138,788,226,334000,9.68,3.04
